<?xml version="1.0" encoding="UTF-8"?>
<!DOCTYPE mapper PUBLIC "-//mybatis.org//DTD Mapper 3.0//EN" "http://mybatis.org/dtd/mybatis-3-mapper.dtd">
<mapper namespace="org.linlinjava.litemall.db.dao.LitemallAddressMapper">
  <resultMap id="BaseResultMap" type="org.linlinjava.litemall.db.domain.LitemallAddress">
    <!--
      WARNING - @mbg.generated
      This element is automatically generated by MyBatis Generator, do not modify.
    -->
    <id column="id" jdbcType="INTEGER" property="id" />
    <result column="name" jdbcType="VARCHAR" property="name" />
    <result column="user_id" jdbcType="INTEGER" property="userId" />
    <result column="province" jdbcType="VARCHAR" property="province" />
    <result column="city" jdbcType="VARCHAR" property="city" />
    <result column="county" jdbcType="VARCHAR" property="county" />
    <result column="address_detail" jdbcType="VARCHAR" property="addressDetail" />
    <result column="area_code" jdbcType="CHAR" property="areaCode" />
    <result column="postal_code" jdbcType="CHAR" property="postalCode" />
    <result column="tel" jdbcType="VARCHAR" property="tel" />
    <result column="is_default" jdbcType="BIT" property="isDefault" />
    <result column="add_time" jdbcType="TIMESTAMP" property="addTime" />
    <result column="update_time" jdbcType="TIMESTAMP" property="updateTime" />
    <result column="deleted" jdbcType="BIT" property="deleted" />
  </resultMap>
  <sql id="Example_Where_Clause">
    <!--
      WARNING - @mbg.generated
      This element is automatically generated by MyBatis Generator, do not modify.
    -->
    <where>
      <foreach collection="oredCriteria" item="criteria" separator="or">
        <if test="criteria.valid">
          <trim prefix="(" prefixOverrides="and" suffix=")">
            <foreach collection="criteria.criteria" item="criterion">
              <choose>
                <when test="criterion.noValue">
                  and ${criterion.condition}
                </when>
                <when test="criterion.singleValue">
                  and ${criterion.condition} #{criterion.value}
                </when>
                <when test="criterion.betweenValue">
                  and ${criterion.condition} #{criterion.value} and #{criterion.secondValue}
                </when>
                <when test="criterion.listValue">
                  and ${criterion.condition}
                  <foreach close=")" collection="criterion.value" item="listItem" open="(" separator=",">
                    #{listItem}
                  </foreach>
                </when>
              </choose>
            </foreach>
          </trim>
        </if>
      </foreach>
    </where>
  </sql>
  <sql id="Update_By_Example_Where_Clause">
    <!--
      WARNING - @mbg.generated
      This element is automatically generated by MyBatis Generator, do not modify.
    -->
    <where>
      <foreach collection="example.oredCriteria" item="criteria" separator="or">
        <if test="criteria.valid">
          <trim prefix="(" prefixOverrides="and" suffix=")">
            <foreach collection="criteria.criteria" item="criterion">
              <choose>
                <when test="criterion.noValue">
                  and ${criterion.condition}
                </when>
                <when test="criterion.singleValue">
                  and ${criterion.condition} #{criterion.value}
                </when>
                <when test="criterion.betweenValue">
                  and ${criterion.condition} #{criterion.value} and #{criterion.secondValue}
                </when>
                <when test="criterion.listValue">
                  and ${criterion.condition}
                  <foreach close=")" collection="criterion.value" item="listItem" open="(" separator=",">
                    #{listItem}
                  </foreach>
                </when>
              </choose>
            </foreach>
          </trim>
        </if>
      </foreach>
    </where>
  </sql>
  <sql id="Base_Column_List">
    <!--
      WARNING - @mbg.generated
      This element is automatically generated by MyBatis Generator, do not modify.
    -->
    id, `name`, user_id, province, city, county, address_detail, area_code, postal_code, 
    tel, is_default, add_time, update_time, deleted
  </sql>
  <select id="selectByExample" parameterType="org.linlinjava.litemall.db.domain.LitemallAddressExample" resultMap="BaseResultMap">
    <!--
      WARNING - @mbg.generated
      This element is automatically generated by MyBatis Generator, do not modify.
    -->
    select
    <if test="distinct">
      distinct
    </if>
    <include refid="Base_Column_List" />
    from litemall_address
    <if test="_parameter != null">
      <include refid="Example_Where_Clause" />
    </if>
    <if test="orderByClause != null">
      order by ${orderByClause}
    </if>
  </select>
  <select id="selectByExampleSelective" parameterType="map" resultMap="BaseResultMap">
    <!--
      WARNING - @mbg.generated
      This element is automatically generated by MyBatis Generator, do not modify.
    -->
    select
    <if test="example.distinct">
      distinct
    </if>
    <choose>
      <when test="selective != null and selective.length &gt; 0">
        <foreach collection="selective" item="column" separator=",">
          ${column.aliasedEscapedColumnName}
        </foreach>
      </when>
      <otherwise>
        <include refid="Base_Column_List" />
      </otherwise>
    </choose>
    from litemall_address
    <if test="_parameter != null">
      <include refid="Update_By_Example_Where_Clause" />
    </if>
    <if test="example.orderByClause != null">
      order by ${example.orderByClause}
    </if>
  </select>
  <select id="selectByPrimaryKey" parameterType="java.lang.Integer" resultMap="BaseResultMap">
    <!--
      WARNING - @mbg.generated
      This element is automatically generated by MyBatis Generator, do not modify.
    -->
    select 
    <include refid="Base_Column_List" />
    from litemall_address
    where id = #{id,jdbcType=INTEGER}
  </select>
  <select id="selectByPrimaryKeyWithLogicalDelete" parameterType="map" resultMap="BaseResultMap">
    <!--
      WARNING - @mbg.generated
      This element is automatically generated by MyBatis Generator, do not modify.
    -->
    select 
    <include refid="Base_Column_List" />
    from litemall_address
    where id = #{id,jdbcType=INTEGER}
      and deleted = 
    <choose>
      <when test="andLogicalDeleted">
        1
      </when>
      <otherwise>
        0
      </otherwise>
    </choose>
  </select>
  <select id="selectByPrimaryKeySelective" parameterType="map" resultMap="BaseResultMap">
    <!--
      WARNING - @mbg.generated
      This element is automatically generated by MyBatis Generator, do not modify.
    -->
    select
    <choose>
      <when test="selective != null and selective.length &gt; 0">
        <foreach collection="selective" item="column" separator=",">
          ${column.aliasedEscapedColumnName}
        </foreach>
      </when>
      <otherwise>
        <include refid="Base_Column_List" />
      </otherwise>
    </choose>
    from litemall_address
    where id = #{id,jdbcType=INTEGER}
  </select>
  <delete id="deleteByPrimaryKey" parameterType="java.lang.Integer">
    <!--
      WARNING - @mbg.generated
      This element is automatically generated by MyBatis Generator, do not modify.
    -->
    delete from litemall_address
    where id = #{id,jdbcType=INTEGER}
  </delete>
  <delete id="deleteByExample" parameterType="org.linlinjava.litemall.db.domain.LitemallAddressExample">
    <!--
      WARNING - @mbg.generated
      This element is automatically generated by MyBatis Generator, do not modify.
    -->
    delete from litemall_address
    <if test="_parameter != null">
      <include refid="Example_Where_Clause" />
    </if>
  </delete>
  <insert id="insert" parameterType="org.linlinjava.litemall.db.domain.LitemallAddress">
    <!--
      WARNING - @mbg.generated
      This element is automatically generated by MyBatis Generator, do not modify.
    -->
    <selectKey keyProperty="id" order="AFTER" resultType="java.lang.Integer">
      SELECT LAST_INSERT_ID()
    </selectKey>
    insert into litemall_address (`name`, user_id, province, 
      city, county, address_detail, 
      area_code, postal_code, tel, 
      is_default, add_time, update_time, 
      deleted)
    values (#{name,jdbcType=VARCHAR}, #{userId,jdbcType=INTEGER}, #{province,jdbcType=VARCHAR}, 
      #{city,jdbcType=VARCHAR}, #{county,jdbcType=VARCHAR}, #{addressDetail,jdbcType=VARCHAR}, 
      #{areaCode,jdbcType=CHAR}, #{postalCode,jdbcType=CHAR}, #{tel,jdbcType=VARCHAR}, 
      #{isDefault,jdbcType=BIT}, #{addTime,jdbcType=TIMESTAMP}, #{updateTime,jdbcType=TIMESTAMP}, 
      #{deleted,jdbcType=BIT})
  </insert>
  <insert id="insertSelective" parameterType="org.linlinjava.litemall.db.domain.LitemallAddress">
    <!--
      WARNING - @mbg.generated
      This element is automatically generated by MyBatis Generator, do not modify.
    -->
    <selectKey keyProperty="id" order="AFTER" resultType="java.lang.Integer">
      SELECT LAST_INSERT_ID()
    </selectKey>
    insert into litemall_address
    <trim prefix="(" suffix=")" suffixOverrides=",">
      <if test="name != null">
        `name`,
      </if>
      <if test="userId != null">
        user_id,
      </if>
      <if test="province != null">
        province,
      </if>
      <if test="city != null">
        city,
      </if>
      <if test="county != null">
        county,
      </if>
      <if test="addressDetail != null">
        address_detail,
      </if>
      <if test="areaCode != null">
        area_code,
      </if>
      <if test="postalCode != null">
        postal_code,
      </if>
      <if test="tel != null">
        tel,
      </if>
      <if test="isDefault != null">
        is_default,
      </if>
      <if test="addTime != null">
        add_time,
      </if>
      <if test="updateTime != null">
        update_time,
      </if>
      <if test="deleted != null">
        deleted,
      </if>
    </trim>
    <trim prefix="values (" suffix=")" suffixOverrides=",">
      <if test="name != null">
        #{name,jdbcType=VARCHAR},
      </if>
      <if test="userId != null">
        #{userId,jdbcType=INTEGER},
      </if>
      <if test="province != null">
        #{province,jdbcType=VARCHAR},
      </if>
      <if test="city != null">
        #{city,jdbcType=VARCHAR},
      </if>
      <if test="county != null">
        #{county,jdbcType=VARCHAR},
      </if>
      <if test="addressDetail != null">
        #{addressDetail,jdbcType=VARCHAR},
      </if>
      <if test="areaCode != null">
        #{areaCode,jdbcType=CHAR},
      </if>
      <if test="postalCode != null">
        #{postalCode,jdbcType=CHAR},
      </if>
      <if test="tel != null">
        #{tel,jdbcType=VARCHAR},
      </if>
      <if test="isDefault != null">
        #{isDefault,jdbcType=BIT},
      </if>
      <if test="addTime != null">
        #{addTime,jdbcType=TIMESTAMP},
      </if>
      <if test="updateTime != null">
        #{updateTime,jdbcType=TIMESTAMP},
      </if>
      <if test="deleted != null">
        #{deleted,jdbcType=BIT},
      </if>
    </trim>
  </insert>
  <select id="countByExample" parameterType="org.linlinjava.litemall.db.domain.LitemallAddressExample" resultType="java.lang.Long">
    <!--
      WARNING - @mbg.generated
      This element is automatically generated by MyBatis Generator, do not modify.
    -->
    select count(*) from litemall_address
    <if test="_parameter != null">
      <include refid="Example_Where_Clause" />
    </if>
  </select>
  <update id="updateByExampleSelective" parameterType="map">
    <!--
      WARNING - @mbg.generated
      This element is automatically generated by MyBatis Generator, do not modify.
    -->
    update litemall_address
    <set>
      <if test="record.id != null">
        id = #{record.id,jdbcType=INTEGER},
      </if>
      <if test="record.name != null">
        `name` = #{record.name,jdbcType=VARCHAR},
      </if>
      <if test="record.userId != null">
        user_id = #{record.userId,jdbcType=INTEGER},
      </if>
      <if test="record.province != null">
        province = #{record.province,jdbcType=VARCHAR},
      </if>
      <if test="record.city != null">
        city = #{record.city,jdbcType=VARCHAR},
      </if>
      <if test="record.county != null">
        county = #{record.county,jdbcType=VARCHAR},
      </if>
      <if test="record.addressDetail != null">
        address_detail = #{record.addressDetail,jdbcType=VARCHAR},
      </if>
      <if test="record.areaCode != null">
        area_code = #{record.areaCode,jdbcType=CHAR},
      </if>
      <if test="record.postalCode != null">
        postal_code = #{record.postalCode,jdbcType=CHAR},
      </if>
      <if test="record.tel != null">
        tel = #{record.tel,jdbcType=VARCHAR},
      </if>
      <if test="record.isDefault != null">
        is_default = #{record.isDefault,jdbcType=BIT},
      </if>
      <if test="record.addTime != null">
        add_time = #{record.addTime,jdbcType=TIMESTAMP},
      </if>
      <if test="record.updateTime != null">
        update_time = #{record.updateTime,jdbcType=TIMESTAMP},
      </if>
      <if test="record.deleted != null">
        deleted = #{record.deleted,jdbcType=BIT},
      </if>
    </set>
    <if test="_parameter != null">
      <include refid="Update_By_Example_Where_Clause" />
    </if>
  </update>
  <update id="updateByExample" parameterType="map">
    <!--
      WARNING - @mbg.generated
      This element is automatically generated by MyBatis Generator, do not modify.
    -->
    update litemall_address
    set id = #{record.id,jdbcType=INTEGER},
      `name` = #{record.name,jdbcType=VARCHAR},
      user_id = #{record.userId,jdbcType=INTEGER},
      province = #{record.province,jdbcType=VARCHAR},
      city = #{record.city,jdbcType=VARCHAR},
      county = #{record.county,jdbcType=VARCHAR},
      address_detail = #{record.addressDetail,jdbcType=VARCHAR},
      area_code = #{record.areaCode,jdbcType=CHAR},
      postal_code = #{record.postalCode,jdbcType=CHAR},
      tel = #{record.tel,jdbcType=VARCHAR},
      is_default = #{record.isDefault,jdbcType=BIT},
      add_time = #{record.addTime,jdbcType=TIMESTAMP},
      update_time = #{record.updateTime,jdbcType=TIMESTAMP},
      deleted = #{record.deleted,jdbcType=BIT}
    <if test="_parameter != null">
      <include refid="Update_By_Example_Where_Clause" />
    </if>
  </update>
  <update id="updateByPrimaryKeySelective" parameterType="org.linlinjava.litemall.db.domain.LitemallAddress">
    <!--
      WARNING - @mbg.generated
      This element is automatically generated by MyBatis Generator, do not modify.
    -->
    update litemall_address
    <set>
      <if test="name != null">
        `name` = #{name,jdbcType=VARCHAR},
      </if>
      <if test="userId != null">
        user_id = #{userId,jdbcType=INTEGER},
      </if>
      <if test="province != null">
        province = #{province,jdbcType=VARCHAR},
      </if>
      <if test="city != null">
        city = #{city,jdbcType=VARCHAR},
      </if>
      <if test="county != null">
        county = #{county,jdbcType=VARCHAR},
      </if>
      <if test="addressDetail != null">
        address_detail = #{addressDetail,jdbcType=VARCHAR},
      </if>
      <if test="areaCode != null">
        area_code = #{areaCode,jdbcType=CHAR},
      </if>
      <if test="postalCode != null">
        postal_code = #{postalCode,jdbcType=CHAR},
      </if>
      <if test="tel != null">
        tel = #{tel,jdbcType=VARCHAR},
      </if>
      <if test="isDefault != null">
        is_default = #{isDefault,jdbcType=BIT},
      </if>
      <if test="addTime != null">
        add_time = #{addTime,jdbcType=TIMESTAMP},
      </if>
      <if test="updateTime != null">
        update_time = #{updateTime,jdbcType=TIMESTAMP},
      </if>
      <if test="deleted != null">
        deleted = #{deleted,jdbcType=BIT},
      </if>
    </set>
    where id = #{id,jdbcType=INTEGER}
  </update>
  <update id="updateByPrimaryKey" parameterType="org.linlinjava.litemall.db.domain.LitemallAddress">
    <!--
      WARNING - @mbg.generated
      This element is automatically generated by MyBatis Generator, do not modify.
    -->
    update litemall_address
    set `name` = #{name,jdbcType=VARCHAR},
      user_id = #{userId,jdbcType=INTEGER},
      province = #{province,jdbcType=VARCHAR},
      city = #{city,jdbcType=VARCHAR},
      county = #{county,jdbcType=VARCHAR},
      address_detail = #{addressDetail,jdbcType=VARCHAR},
      area_code = #{areaCode,jdbcType=CHAR},
      postal_code = #{postalCode,jdbcType=CHAR},
      tel = #{tel,jdbcType=VARCHAR},
      is_default = #{isDefault,jdbcType=BIT},
      add_time = #{addTime,jdbcType=TIMESTAMP},
      update_time = #{updateTime,jdbcType=TIMESTAMP},
      deleted = #{deleted,jdbcType=BIT}
    where id = #{id,jdbcType=INTEGER}
  </update>
  <select id="selectOneByExample" parameterType="org.linlinjava.litemall.db.domain.LitemallAddressExample" resultMap="BaseResultMap">
    <!--
      WARNING - @mbg.generated
      This element is automatically generated by MyBatis Generator, do not modify.
    -->
    select
    <include refid="Base_Column_List" />
    from litemall_address
    <if test="_parameter != null">
      <include refid="Example_Where_Clause" />
    </if>
    <if test="orderByClause != null">
      order by ${orderByClause}
    </if>
    limit 1
  </select>
  <select id="selectOneByExampleSelective" parameterType="map" resultMap="BaseResultMap">
    <!--
      WARNING - @mbg.generated
      This element is automatically generated by MyBatis Generator, do not modify.
    -->
    select
    <choose>
      <when test="selective != null and selective.length &gt; 0">
        <foreach collection="selective" item="column" separator=",">
          ${column.aliasedEscapedColumnName}
        </foreach>
      </when>
      <otherwise>
        <include refid="Base_Column_List" />
      </otherwise>
    </choose>
    from litemall_address
    <if test="_parameter != null">
      <include refid="Update_By_Example_Where_Clause" />
    </if>
    <if test="example.orderByClause != null">
      order by ${example.orderByClause}
    </if>
    limit 1
  </select>
  <update id="logicalDeleteByExample" parameterType="map">
    <!--
      WARNING - @mbg.generated
      This element is automatically generated by MyBatis Generator, do not modify.
    -->
    update litemall_address set deleted = 1
    <if test="_parameter != null">
      <include refid="Update_By_Example_Where_Clause" />
    </if>
  </update>
  <update id="logicalDeleteByPrimaryKey" parameterType="java.lang.Integer">
    <!--
      WARNING - @mbg.generated
      This element is automatically generated by MyBatis Generator, do not modify.
    -->
    update litemall_address set deleted = 1
    where id = #{id,jdbcType=INTEGER}
  </update>
</mapper>